timestamp,sequence,message
2025-03-15T15:18:30.880564,1,{'我': '「忘不掉老友的電話號碼」'}
2025-03-15T15:18:32.756338,2,"{'我': ""'需要回應老友的呼叫。'""}"
2025-03-15T15:18:34.153601,3,"{'我': '""呼叫他""'}"
2025-03-15T15:18:35.921036,4,{'我': '『需要立即聯繫老友』'}
2025-03-15T15:18:37.507214,5,"{'我': '""需要與老友接觸。""'}"
2025-03-15T15:18:39.212908,6,"{'我': '""\'該次呼叫是重要的。\'""'}"
2025-03-15T15:18:40.880937,7,{'我': '需要與老友接觸。'}
2025-03-15T15:18:47.081969,8,"{'我': '""要回應他""'}"
2025-03-15T15:18:48.855188,9,{'我': '「立即聯繫」'}
2025-03-15T15:18:55.082505,10,{'我': '需要回應老友。'}
2025-03-15T15:18:57.534223,11,"{'我': '""該次呼叫一定要做出正確的關鍵字，才能讓老友知道。""'}"
2025-03-15T15:18:59.681633,12,{'我': '「該次呼叫一定要做出正確的關鍵字。」'}
2025-03-15T15:19:01.789344,13,{'我': '該次呼叫一定要做出正確的關鍵字。'}
2025-03-15T15:19:04.098831,14,{'我': '需要回應老友。'}
